time,x,xf,statusx
0.18880033493041992,964.786624660876,0,0
0.21088194847106934,964.7909172610665,0,0
0.2489948272705078,964.7175419274831,0,0
0.28110551834106445,964.7495788724157,0,0
0.3112022876739502,964.7495788724157,0,0
0.5920882225036621,964.7192447233931,0,0
0.6322238445281982,964.7097357399166,0,0
0.6623125076293945,964.7097357399166,0,0
0.7024424076080322,964.7878339693397,0,0
0.9312574863433838,964.7871997268057,0,0
1.0536980628967285,964.8548615967836,0,0
1.0838017463684082,964.8055130736813,0,0
1.12394118309021,964.8055130736813,0,0
1.1440105438232422,964.7016588207946,0,0
1.3527307510375977,964.7648757122347,0,0
1.3879876136779785,964.8256775796207,0,0
1.415067434310913,964.8256775796207,0,0
1.4653215408325195,964.7533631913469,0,0
1.4954073429107666,964.6988650696292,0,0
1.7241709232330322,964.7925608803725,0,0
1.7663114070892334,964.7776051496526,0,0
1.824502944946289,964.7492857389808,0,0
1.8466095924377441,964.7316998363824,0,0
1.884725570678711,964.810447524472,0,0
2.1256661415100098,964.810447524472,0,0
2.1878693103790283,964.7420734263502,0,0
2.225999355316162,964.7420734263502,0,0
2.248094320297241,964.8207355207634,0,0
2.28619647026062,964.762657026999,0,0
2.426682949066162,964.762657026999,0,0
2.488901138305664,964.7683189220669,0,0
2.5190017223358154,964.7683189220669,0,0
2.567188262939453,964.6819134095646,0,0
2.5993170738220215,964.7689531646007,0,0
2.787929058074951,964.7661782224415,0,0
2.838059663772583,964.7193894936739,0,0
2.8717098236083984,964.7193894936739,0,0
2.9181673526763916,964.7390645273601,0,0
2.950268268585205,964.8273991845368,0,0
3.168943405151367,964.8007937707147,0,0
3.219205141067505,964.7339185216181,0,0
3.271411895751953,964.74622125626,0,0
3.29952335357666,964.8187395914185,0,0
3.600592851638794,964.7034396023149,0,0
3.6829161643981934,964.7294031655365,0,0
3.7130329608917236,964.7294031655365,0,0
3.7431650161743164,964.7534411769572,0,0
3.783322811126709,964.8193146573484,0,0
4.002096891403198,964.7895555742557,0,0
4.034337282180786,964.7786925120347,0,0
4.064444065093994,964.7786925120347,0,0
4.102604627609253,964.7596669370151,0,0
4.134713172912598,964.7929131904114,0,0
4.383459091186523,964.7929131904114,0,0
4.419286251068115,964.7123143432575,0,0
4.486011028289795,964.6919270814271,0,0
4.694627285003662,964.7790448220735,0,0
4.721214294433594,964.8225942878938,0,0
4.766879081726074,964.6739736526567,0,0
4.800035715103149,964.7075950402912,0,0
4.835067510604858,964.8738871718031,0,0
5.115986108779907,964.7734685206823,0,0
5.152677774429321,964.735135438148,0,0
5.1883275508880615,964.8402657841689,0,0
5.2184202671051025,964.8402657841689,0,0
5.368887424468994,964.7194598712177,0,0
5.4026265144348145,964.815381975263,0,0
5.437261343002319,964.7439321934806,0,0
5.467339754104614,964.7439321934806,0,0
5.499449253082275,964.7289060852169,0,0
5.529527425765991,964.8055722502854,0,0
5.73818302154541,964.7716765382224,0,0
5.802597522735596,964.6291292846963,0,0
5.838703155517578,964.7219680970148,0,0
5.880843877792358,964.8709486503569,0,0
5.910940408706665,964.8709486503569,0,0
6.179892301559448,964.6530969185732,0,0
6.212007284164429,964.7389977426897,0,0
6.2521278858184814,964.8348266449921,0,0
6.292282342910767,964.6161179147834,0,0
6.312351703643799,964.6161179147834,0,0
6.332406997680664,964.7851925965214,0,0
6.661393880844116,964.9097008276007,0,0
6.693490266799927,964.7559417946878,0,0
6.733627796173096,964.9386808978786,0,0
6.763735055923462,964.9386808978786,0,0
7.205113649368286,964.8278182792462,0,0
7.2452452182769775,964.8506317660705,0,0
7.285361051559448,964.808725919556,0,0
7.32134222984314,964.808725919556,0,0
7.351516962051392,964.6687648774372,0,0
7.63437557220459,964.6968615322181,0,0
7.666471004486084,964.7645937797396,0,0
7.696563482284546,964.64293847643,0,0
7.995525360107422,964.7001599717695,0,0
8.037827730178833,964.6205552852548,0,0
8.07042932510376,964.6205552852548,0,0
8.118090867996216,964.8285381154567,0,0
8.216453075408936,964.8730225653119,0,0
8.38698410987854,964.8851769368,0,0
8.419076681137085,964.6489526815367,0,0
8.452618598937988,964.8572174442336,0,0
8.499282836914062,964.8961923773682,0,0
8.537398099899292,964.6147562279726,0,0
8.768227338790894,964.6582465171888,0,0
8.838423252105713,964.8546388408927,0,0
8.871553421020508,964.8546388408927,0,0
8.91873049736023,964.6764150937835,0,0
8.94884204864502,964.7283422202268,0,0
9.20966124534607,964.8361883318029,0,0
9.259937763214111,964.6357185557328,0,0
9.282010078430176,964.7182505627541,0,0
9.332165241241455,964.8424064837944,0,0
9.362247228622437,964.8424064837944,0,0
9.671219110488892,964.6676183384509,0,0
9.702821254730225,964.9162197210933,0,0
9.73347020149231,964.7357772887484,0,0
9.773597955703735,964.7357772887484,0,0
9.793659925460815,964.674556326653,0,0
10.012323141098022,964.7971354130581,0,0
10.071250200271606,964.9140790214678,0,0
10.1028573513031,964.6947208325925,0,0
10.1429762840271,964.6634629004748,0,0
10.16504979133606,964.6634629004748,0,0
10.325555562973022,964.8244606630907,0,0
10.35277509689331,964.7603791651592,0,0
10.405956983566284,964.8792407173034,0,0
10.436049461364746,964.6970063024987,0,0
10.466160774230957,964.6970063024987,0,0
10.684842348098755,964.6807744786446,0,0
10.7193284034729,964.7414907523539,0,0
10.756997346878052,964.8463391658798,0,0
10.785070419311523,964.729841069252,0,0
10.817174911499023,964.729841069252,0,0
11.075920343399048,964.6923649851426,0,0
11.354071855545044,964.6843472426247,0,0
11.379095077514648,964.857937280444,0,0
11.420165300369263,964.857937280444,0,0
11.45254135131836,964.8143022209473,0,0
11.49970293045044,964.709238659597,0,0
11.768674373626709,964.8558557574228,0,0
11.80077314376831,964.815585922148,0,0
11.830864191055298,964.698583137134,0,0
11.871048212051392,964.698583137134,0,0
11.909179449081421,964.7386378245844,0,0
12.190461158752441,964.6475130091156,0,0
12.212538957595825,964.6954406688029,0,0
12.250652551651001,964.7346307497621,0,0
12.322888851165771,964.8317509613315,0,0
12.518552303314209,964.698583137134,0,0
12.553680896759033,964.6838501623051,0,0
12.60384225845337,964.7196046414983,0,0
12.63393497467041,964.8308939629067,0,0
12.664016723632812,964.8308939629067,0,0
12.872671604156494,964.7257636168858,0,0
12.902760982513428,964.6746231113235,0,0
12.934880018234253,964.7637367813147,0,0
12.969450235366821,964.7637367813147,0,0
12.995128870010376,964.8465619217707,0,0
13.1836998462677,964.7257636168858,0,0
13.235894918441772,964.675342947534,0,0
13.265998601913452,964.675342947534,0,0
13.305984258651733,964.8000739345042,0,0
13.336453914642334,964.7946347953274,0,0
13.56524920463562,964.763666403771,0,0
13.602795124053955,964.6494497618561,0,0
13.637439250946045,964.8427664018997,0,0
13.675559759140015,964.8427664018997,0,0
13.816011667251587,964.7068752040807,0,0
13.84810996055603,964.8748813324423,0,0
13.906285524368286,964.7857676624511,0,0
13.936391830444336,964.6329248045674,0,0
13.966485023498535,964.6329248045674,0,0
14.197335004806519,964.8487026213961,0,0
14.287638664245605,964.6441553929601,0,0
14.317738056182861,964.6441553929601,0,0
14.34985899925232,964.8312538810119,0,0
14.580624103546143,964.7089491190354,0,0
14.618730068206787,964.7323416869826,0,0
14.650842905044556,964.6998000536643,0,0
14.90164589881897,964.8448403168546,0,0
15.001975536346436,964.7053763550555,0,0
15.05211853981018,964.8276735089654,0,0
15.10227346420288,964.7900526545753,0,0
15.240706205368042,964.6562429797775,0,0
15.290868043899536,964.7269025478058,0,0
15.320965766906738,964.7269025478058,0,0
15.363105058670044,964.7060182056558,0,0
15.401209115982056,964.8339696465672,0,0
15.642155170440674,964.8156639077581,0,0
15.684150695800781,964.7213262464145,0,0
15.71425199508667,964.7213262464145,0,0
15.76446533203125,964.8511364544564,0,0
15.79455041885376,964.7784697561439,0,0
15.983164548873901,964.6814163292449,0,0
16.01527166366577,964.7065932715855,0,0
16.065594911575317,964.7510073438971,0,0
16.095682859420776,964.8166580683973,0,0
16.135801076889038,964.7186028727928,0,0
16.324382066726685,964.6606023646386,0,0
16.35651993751526,964.6906433802263,0,0
16.40471076965332,964.7316218507722,0,0
16.43684482574463,964.8505613885266,0,0
16.466949701309204,964.8505613885266,0,0
16.70568537712097,964.6857089294356,0,0
16.73778986930847,964.6992953652782,0,0
16.76790761947632,964.6992953652782,0,0
16.808115243911743,964.8439833184298,0,0
16.848244190216064,964.7628797828901,0,0
17.026785612106323,964.679772709939,0,0
17.068934440612793,964.6957226012981,0,0
17.09902834892273,964.7242571597942,0,0
17.1471905708313,964.7944900250467,0,0
17.17928671836853,964.7361295987872,0,0
17.387939453125,964.6743335707621,0,0
17.42003297805786,964.6977261387092,0,0
17.45013403892517,964.7679590039617,0,0
17.4902503490448,964.8061473162151,0,0
17.530365705490112,964.7387749867988,0,0
17.80935049057007,964.7387749867988,0,0
17.831433296203613,964.8090078520511,0,0
17.881603956222534,964.8090078520511,0,0
17.911702632904053,964.7540830275574,0,0
17.94981026649475,964.7542277978382,0,0
18.21074366569519,964.7983523295882,0,0
18.262882232666016,964.7638815515955,0,0
18.303014755249023,964.727262465911,0,0
18.333128213882446,964.8072938552015,0,0
18.383296251296997,964.7815454398043,0,0
18.53174090385437,964.7413535901397,0,0
18.583887338638306,964.7240420119697,0,0
18.622005224227905,964.7240420119697,0,0
18.684269905090332,964.7054467325992,0,0
18.83272099494934,964.7788296742491,0,0
18.864824056625366,964.744855976576,0,0
18.902942180633545,964.8171627567832,0,0
18.943061590194702,964.7271176956302,0,0
19.155779123306274,964.6964348294422,964.6964348294422,0
19.185872316360474,964.8075090030259,964.8075090030259,0
19.236042976379395,964.8075090030259,964.8075090030259,0
19.266143083572388,964.8171627567832,964.8171627567832,0
19.296284198760986,964.7149597312689,964.7149597312689,0
19.494892120361328,964.7078769727862,964.7078769727862,0
19.51696252822876,964.7020187388999,964.7020187388999,0
19.54704523086548,964.7696730008113,964.7696730008113,0
19.607244968414307,964.7464252031449,964.7464252031449,0
19.795860767364502,964.7050164369502,964.7050164369502,0
19.86809253692627,964.6644646691802,964.6644646691802,0
19.92829394340515,964.8118683878872,964.8118683878872,0
19.94835615158081,964.790197424856,964.790197424856,0
20.229475259780884,964.7057362731607,964.7057362731607,0
20.269604682922363,964.8351161855535,964.8351161855535,0
20.299707889556885,964.8105846866864,964.8105846866864,0
20.640737295150757,964.692862065462,964.692862065462,0
20.71099066734314,964.6800546424341,964.6800546424341,0
21.022005081176758,964.8202384404437,964.8202384404437,0
21.0821852684021,964.6935039160625,976.76855,0
21.12027931213379,964.7741103712825,970.8408,0
21.152366638183594,964.8233141241043,966.6307,0
21.463368892669678,964.7131713416824,963.7973,0
21.51352882385254,964.8080060833455,962.10876,0
21.55363416671753,964.691140460546,961.2234,0
21.59174084663391,964.7093090371408,960.9452,0
21.734169244766235,964.7093090371408,961.06866,0
21.804393768310547,964.7653804006208,961.4521,0
21.842476844787598,964.8259595121158,961.9749,0
21.864548206329346,964.8259595121158,962.53156,0
22.12349033355713,964.7294811511467,963.03735,0
22.145562648773193,964.7627350126093,963.50073,0
22.185678482055664,964.8175226748884,963.9094,0
22.47657036781311,964.8175226748884,964.23956,0
22.546797037124634,964.7868398087004,964.48505,0
22.586910724639893,964.7178906446487,964.64404,0
22.616993188858032,964.7178906446487,964.75024,0
22.907901525497437,964.8124434538169,964.8421,0
22.937992095947266,964.6953514822532,964.8639,1.4011795913542129
22.968096017837524,964.6953514822532,964.86426,1.4040588496635866
23.00823450088501,964.7318145967173,964.86163,1.405619422346641
23.226893663406372,964.7298146521795,964.84906,1.4063596764286932
23.284873723983765,964.8549839651848,964.86786,1.4067976038420504
23.349889755249023,964.7173859562627,964.8389,1.4070149736595863
23.600606203079224,964.662063595652,964.795,1.4071171524864852
23.64072585105896,964.4532197518321,964.6963,1.4071787828823556
23.7210955619812,964.5211079705741,964.63434,1.407378316025325
23.75117778778076,964.5569404353777,964.59656,1.4076747092213602
23.961803436279297,964.5560798440794,964.56934,1.4081108630960235
23.991894483566284,964.7396171914105,964.6041,1.4007555688611366
24.102492094039917,964.7396171914105,964.6369,1.3828956919358304
24.333089590072632,964.8780910077635,964.7058,1.3617866450345784
24.371199131011963,964.9428219643613,964.78174,1.347394841777828
24.403319358825684,964.9704995244327,964.85046,1.347508596098113
24.68507432937622,965.0628300554921,964.93005,1.3534682290555013
24.734280347824097,965.0632643663341,964.99097,1.3041668972108171
24.77237582206726,965.1113959729064,965.0491,1.2077715191984755
24.804466724395752,965.1498738257213,965.10187,0.9979345
25.073256015777588,965.1567414363794,965.141,0.7311179
25.115474939346313,965.2463562018833,965.1929,0.64528394
25.17567539215088,965.2906331119804,965.2427,0.64680964
25.20576047897339,965.191216229565,965.24915,0.64983326
25.436588287353516,965.1852020244584,965.2469,0.6297638
25.496957540512085,965.4717958028554,965.3235,0.6116539
25.5525062084198,965.4494793963506,965.37714,0.59094626
25.727534770965576,965.5326608620384,965.44086,0.5671142
25.777690887451172,965.6718545146019,965.5286,0.5476449
25.81783676147461,965.837364040426,965.6433,0.5513205
25.857966661453247,965.912323816711,965.7528,0.56234103
26.14902424812317,965.8661957475499,965.8213,0.5673018
26.1891508102417,965.9327110785415,965.8873,0.57226676
26.550155878067017,965.9327110785415,965.9326,0.57482463
26.658488035202026,965.6699845465319,965.8852,0.5757743
26.90129566192627,965.8027260902732,965.8766,0.5754246
27.031702280044556,966.0697972133308,965.9425,0.5750146
27.272513389587402,966.1183631307451,966.0083,0.57463264
27.32268977165222,966.2842289818011,966.10657,0.5751685
27.37285590171814,966.4005271467372,966.2163,0.5781241
27.402939319610596,966.4882831451106,966.3256,0.5888984
27.643644332885742,966.4904982374729,966.4082,0.59961
27.683762311935425,966.6790404131388,966.52136,0.6223045
27.723899602890015,966.6790404131388,966.6054,0.6440816
27.77410578727722,966.7024253730195,966.6711,0.6768887
27.95260238647461,966.6628753739551,966.70355,0.681773
28.06512188911438,966.8611380880487,966.7782,0.69891137
28.335984706878662,966.8041429414735,966.8154,0.69467014
28.416223764419556,967.0460962987949,966.908,0.6872477
28.436277151107788,967.0752803159577,966.98584,0.6726508
28.634814500808716,967.04230838699,967.03253,0.6750321
28.74717354774475,967.5538446860396,967.21075,0.6764967
28.79532790184021,967.686664215391,967.3889,0.68044806
28.83545708656311,967.686664215391,967.5251,0.6927145
28.867555141448975,967.7858699651746,967.6526,0.7215469
29.078176021575928,967.930350378568,967.78546,0.7525687
29.18852686882019,968.1094615563675,967.9327,0.8153065
29.22861886024475,968.174708402291,968.05853,0.8676997
29.467312574386597,968.1787078690469,968.1484,0.8943989
29.559598207473755,968.219337622427,968.21924,0.91149396
29.59975838661194,968.2222649429334,968.26483,0.9259955
29.92074489593506,968.2380700640118,968.2948,0.92756045
29.960878372192383,968.2141100382013,968.3023,0.9269316
29.99096155166626,968.2151821844508,968.30035,0.9262256
30.041420459747314,968.2151821844508,968.29236,0.92567366
30.179967880249023,968.2003120474075,968.27686,0.9255509
30.28226065635681,968.2048162025492,968.2623,0.92592126
30.322402477264404,968.2394317508226,968.25854,0.92665935
30.420735597610474,968.2801282888732,968.2664,0.927241
30.611571073532104,968.3250582505103,968.2855,0.92655766
30.701881408691406,968.4262823315181,968.32996,0.92177755
30.95448875427246,968.3310020780731,968.3381,0.9159493
31.002633094787598,968.2739881224919,968.3262,0.9008391
31.23348307609558,968.2915148484864,968.3196,0.88413125
31.405869960784912,967.8028144381407,968.1718,0.8546872
31.50618290901184,967.7297802136565,968.02814,0.8359807
31.55633568763733,967.4557746952701,967.8344,0.8158947
31.807116985321045,967.3488483515963,967.6511,0.8173349
31.845292568206787,966.7634835991154,967.3421,0.8403275
31.89545464515686,966.7356648616367,967.09296,0.883991
31.917513370513916,966.7356648616367,966.9073,0.97055984
32.208513259887695,966.6679362069884,966.75684,1.0293347
32.248640060424805,966.2822850419619,966.5433,1.097154
32.30889368057251,966.1379529917226,966.346,1.1899893
32.3390748500824,966.0833136925974,966.1891,1.2566259
32.62996292114258,966.0833136925974,966.0816,1.282027
32.68011951446533,965.8833405745273,965.95605,1.3011723
32.70017647743225,965.8714013508638,965.8676,1.3143026
32.76059889793396,965.8916438424136,965.81793,1.3326259
33.13172197341919,965.8345707102281,965.7759,1.3247448
33.171868085861206,965.3735998508114,965.62067,1.3241253
33.47058415412903,965.2844153809565,965.47723,1.3318337
33.512712717056274,964.9263713984575,965.2678,1.3378375
33.5327787399292,964.8997659846356,965.1008,1.348993
33.58091998100281,964.8997659846356,964.97943,1.3797381
33.77386116981506,964.8308128053909,964.8765,1.4038283
33.87418341636658,964.0157266317192,964.5722,1.425149
34.13508677482605,964.3157181152067,964.4226,1.4371873
34.19511675834656,964.269652815523,964.30634,1.453104
34.23321843147278,964.1520597484467,964.196,1.4609283
34.333491802215576,964.1974052119199,964.1359,1.4639624
34.493966817855835,964.2260177560263,964.1112,1.4636643
34.52606916427612,964.2260177560263,964.10474,1.462166
34.83501386642456,964.285454343728,964.1275,1.4607733
35.027552127838135,964.3833019995743,964.1827,1.4601792
35.10800623893738,964.3760820788772,964.2314,1.4600517
35.13808751106262,964.5400111771926,964.32104,1.459792
35.29656362533569,964.5400111771926,964.395,1.4588758
35.40890121459961,964.6116133373221,964.474,1.4507581
35.4490270614624,964.5691951943554,964.5225,1.4331832
35.499186515808105,964.5814275514537,964.56036,1.3873372
35.780083417892456,964.5816426992782,964.58606,1.3535284
35.83023262023926,964.549876485901,964.5927,1.3064007
36.09918522834778,964.5486631622443,964.59314,1.2266088
36.13931727409363,964.5457322488645,964.589,1.1477176
36.18946695327759,964.5457322488645,964.58295,1.0988803
36.58265686035156,964.5522435342908,964.57806,1.0226139
36.63079476356506,964.6282050792814,964.5949,0.9480035
36.703025817871094,964.5855717884903,964.5959,0.88028026
36.841479539871216,964.5933667751171,964.5979,0.8514728
36.91080379486084,964.6102516505113,964.6037,0.80628663
36.955721616744995,964.6278451611762,964.613,0.7700749
37.30873990058899,964.5600385209177,964.6004,0.7415363
37.34564137458801,964.6050352672253,964.6023,0.70579696
37.402503490448,964.5993809802238,964.60205,0.62458056
37.53315448760986,964.5716290274156,964.5937,0.54974496
37.817394971847534,964.6228439257147,964.60144,0.47100464
37.87324523925781,964.6028165819896,964.60223,0.412479
37.90515971183777,964.4948104840001,964.57153,0.3202007
38.05176782608032,964.4400931992647,964.5302,0.24485043
38.16945433616638,964.4460294187611,964.4987,0.18060207
38.20735216140747,964.446816039642,964.4749,0.13505529
38.245250940322876,964.3916684592575,964.4417,0.105551615
38.48461151123047,964.3011890872625,964.39056,0.08921314
38.527496576309204,964.2517661714234,964.3369,0.0816837
38.58833360671997,964.243756036972,964.29395,0.078502834
38.91645812988281,964.2705062210745,964.2705,0.07422978
38.95335817337036,964.2339575129339,964.2452,0.0700828
38.98826479911804,964.2587041596254,964.2355,0.06755069
39.16678786277771,964.2587041596254,964.2312,0.0650764
39.337331771850586,964.2408955011359,964.2255,0.05937953
39.40814280509949,964.2144272495284,964.2155,0.05576305
39.444048166275024,964.2176477034695,964.21,0.05192683
39.50887322425842,964.2169278672591,964.207,0.046821136
39.538793325424194,964.2684134971136,964.22076,0.04433309
39.56671977043152,964.2684134971136,964.2332,0.0437446
39.79311394691467,964.2864337105542,964.2491,0.044838298
39.88786029815674,964.2459079375371,964.25037,0.046454806
40.21897530555725,964.241177433631,964.2494,0.047701403
40.2728316783905,962.3745764604681,963.7083,0.0491084
40.55284667015076,960.814556241829,962.8095,0.054332893
40.665203332901,953.1327600215352,959.86176,0.09745755
40.946101903915405,952.0886762767245,957.1642,0.1691546
40.966164350509644,951.395420186589,954.85736,0.29219753
41.01893758773804,951.1485803541412,953.05457,0.4496365
41.06824469566345,950.710619742687,951.63837,0.6705838
41.337605476379395,948.8768831252551,950.1402,0.83077747
41.36768698692322,943.9550386141475,947.6705,1.0260664
41.407814741134644,942.9554469272583,945.527,1.2120681
41.4379198551178,941.9342622629484,943.6741,1.4486704
41.488359451293945,941.9342622629484,942.3661,1.6396565
41.68894076347351,939.7533747351846,940.8752,1.8812605
41.719024419784546,937.4352303075979,939.1744,2.0858524
41.81933879852295,936.6833690544004,937.745,2.2626626
42.23076128959656,935.6970007133431,936.47296,2.320844
42.27089190483093,935.262557282138,935.4826,2.3948882
42.308995723724365,935.1315965199168,934.802,2.452533
42.341094970703125,934.7852766132567,934.29834,2.4972079
42.541720390319824,934.1404160964698,933.8326,2.5190723
42.612062215805054,933.3061711994054,933.3217,2.5346973
42.65219068527222,932.9626450439108,932.8986,2.5496483
42.87085723876953,932.5428754109303,932.51514,2.5602248
42.96312975883484,929.3395463556959,931.34875,2.566031
43.00327396392822,928.292364946313,930.1499,2.5814855
43.073495388031006,926.9968672573366,928.8707,2.6023777
43.28213381767273,925.6106118567433,927.51337,2.6217268
43.41461229324341,921.1072621470329,925.2027,2.652906
43.615195989608765,920.0592717148895,923.1154,2.6904392
43.65532088279724,919.741538357583,921.463,2.7431648
43.75567317008972,919.5792416776338,920.2361,2.81057
43.92704105377197,919.0256171437774,919.2492,2.8625245
44.002415895462036,918.3716667382233,918.41925,2.9314284
44.04775023460388,917.711546156342,917.70056,2.9869025
44.318544149398804,917.2256578852003,917.10724,3.0081558
44.35868573188782,916.3175249371325,916.4794,3.0181293
44.840282917022705,916.4419632129874,916.10614,2.9928708
44.87036967277527,909.719818948303,913.95294,2.9672458
45.139140605926514,907.3119589467551,911.5608,2.9240365
45.25154447555542,906.3523350907368,909.4355,2.8726363
45.291682720184326,907.293978679945,908.1211,2.7966616
45.492552518844604,907.293978679945,907.2256,2.7346492
45.51261043548584,907.3241978435005,906.67444,2.6318073
45.79374170303345,907.656349482257,906.4742,2.5335774
45.86400055885315,906.6020176877855,906.1368,2.4386168
45.91213822364807,905.0395179903923,905.5088,2.463372
45.93419551849365,903.8129574225926,904.7203,2.494912
46.10487389564514,902.3391935113666,903.7241,2.5024192
46.145018100738525,900.1829281570546,902.3615,2.5176942
46.175108432769775,900.1829281570546,901.3282,2.5225956
46.24335289001465,900.3881396393223,900.64417,2.5308235
46.54627561569214,900.5909396904091,900.2507,2.5454733
46.586413860321045,900.789369576663,900.08673,2.6449952
46.69515919685364,900.9225266222403,900.0775,2.7533488
46.87788248062134,901.1851567819533,900.21484,2.826198
46.988247871398926,902.1340310718307,900.653,2.8717928
47.22889709472656,898.9864823514797,900.137,2.8826838
47.26906204223633,898.2212766469522,899.4985,2.860182
47.299269676208496,898.1254249204509,898.9662,2.8232298
47.47779202461243,898.0076982840334,898.52924,2.7765617
47.519917488098145,897.0176016287433,897.9256,2.7484167
47.56005096435547,896.4371013704772,897.30444,2.7732701
47.62041783332825,895.916264048677,896.69275,2.8124573
47.86115622520447,895.513694826405,896.1284,2.8562567
47.91130995750427,893.4938583163693,895.13916,2.9284842
47.94140982627869,893.6262762957624,894.4222,3.0432963
47.99156594276428,893.6262762957624,893.9063,3.1568556
48.18227791786194,894.0833947873227,893.6906,3.2062209
48.2224223613739,892.3743830381818,893.0913,3.2433124
48.543739557266235,892.8091003728482,892.78174,3.242408
48.5818567276001,892.7098785663484,892.55975,3.2285497
48.75449538230896,892.6917431716049,892.42633,3.225891
48.88487124443054,892.433944745223,892.28864,3.2506363
48.963165044784546,892.3174130444241,892.1795,3.2928658
49.02330279350281,892.3171203319571,892.1215,3.334681
49.356345891952515,892.2405949219761,892.0783,3.3148015
49.39648222923279,891.5670238035636,891.86914,3.2646663
49.46670174598694,891.5796496815864,891.71674,3.2215364
49.50481152534485,891.3990288747897,891.5574,3.1743512
49.85787844657898,891.1394376240124,891.3691,3.1491513
49.88798666000366,892.0277393433936,891.4889,3.1299386
49.958218574523926,892.7460288698438,891.8151,3.10869
49.988298416137695,892.6285890230498,892.06104,3.0292437
50.19911170005798,886.235528125692,890.4123,2.9523697
50.24736666679382,886.235528125692,889.03955,2.9781585
50.28953242301941,886.235528125692,887.95013,3.0853443
50.478142738342285,886.235528125692,887.12616,3.2646587
50.60850691795349,886.235528125692,886.5352,3.3934717
50.690757751464844,886.235528125692,886.1383,3.5923097
51.05992388725281,886.235528125692,885.8955,3.7137213
51.081997871398926,886.235528125692,885.7692,3.7361665
51.13216280937195,886.235528125692,885.72656,3.7094934
51.17228889465332,886.235528125692,885.74005,3.646856
51.39124822616577,886.235528125692,885.7879,3.5759633
51.53166127204895,886.235528125692,885.8537,3.498262
51.581791639328,886.235528125692,885.92554,3.3799984
51.622085094451904,886.235528125692,885.99554,3.267974
51.644150495529175,886.235528125692,886.0588,3.212496
52.05554270744324,886.235528125692,886.1128,3.16561
52.08563780784607,886.235528125692,886.1566,3.1560464
52.15579581260681,886.235528125692,886.19055,3.1478186
52.71747541427612,886.235528125692,886.2156,3.1173162
52.73754668235779,886.235528125692,886.233,3.0458777
52.78784465789795,886.235528125692,886.24414,2.9452705
52.93829560279846,886.235528125692,886.2505,2.8348408
53.00149202346802,886.235528125692,886.2533,2.776858
53.03658699989319,886.235528125692,886.2537,2.7280862
53.078726053237915,886.235528125692,886.2525,2.7041798
53.3595929145813,886.235528125692,886.2504,2.6881409
53.38968515396118,886.235528125692,886.24786,2.6842396
53.67055654525757,886.235528125692,886.2453,2.6831198
53.78100895881653,886.235528125692,886.2429,2.6822863
53.95939660072327,886.235528125692,886.2408,2.6736393
54.02979254722595,886.235528125692,886.2391,2.6483018
54.08197355270386,886.235528125692,886.2377,2.526689
54.132107734680176,886.235528125692,886.23663,2.311903
54.292612075805664,886.235528125692,886.2359,2.0007253
54.35280132293701,886.235528125692,886.2354,1.7517056
54.74190402030945,886.235528125692,886.2351,1.2877547
55.102914810180664,886.235528125692,886.2349,0.8589118
55.45595169067383,886.235528125692,886.23486,0.61253995
56.025822162628174,886.235528125692,886.23486,0.42826477
56.088013887405396,886.235528125692,886.2349,0.26262724
56.406946897506714,886.235528125692,886.23505,0.17138226
56.67981815338135,886.235528125692,886.2351,0.15396342
56.748061418533325,886.235528125692,886.2352,0.15132308
56.810235023498535,886.235528125692,886.2353,0.14605023
57.12118649482727,886.235528125692,886.23535,0.13181981
57.40989017486572,886.235528125692,886.2354,0.11952664
57.51231336593628,886.235528125692,886.2355,0.09543905
57.54239225387573,886.235528125692,886.23553,0.06768664
57.57249212265015,886.235528125692,886.2356,0.05444339
57.79118204116821,886.235528125692,886.2356,0.04392846
58.05205249786377,886.235528125692,886.2356,0.031066276
58.393091917037964,886.235528125692,886.2356,0.022079617
58.473198890686035,867.7032600532873,880.8755,0.08947397
58.50530791282654,869.3018885221765,876.90735,0.2988604
58.90453267097473,869.6307377075406,873.893,0.52048934
58.93663048744202,868.4795748197414,871.3184,0.9540515
59.03693866729736,868.4795748197414,869.46747,1.4733055
59.30778121948242,867.9857727864448,868.07764,1.7996676
59.38826775550842,858.6205602093123,864.4842,2.0605502
59.4183452129364,855.5924011984383,860.8739,2.307311
59.684908628463745,849.6508717126294,856.45654,2.4902046
59.73982000350952,843.4051361287526,851.3206,2.6638296
59.7699077129364,843.8511512574496,847.5783,2.813834
59.79998469352722,844.0990040595425,844.9913,3.1272485
60.111011028289795,844.0210613790201,843.2646,3.306124
60.15113544464111,843.8693978196545,842.19073,3.4786026
60.19124937057495,843.8043849305615,841.6274,3.7222123
60.261483669281006,843.697966868147,841.41394,3.8937502
60.53233885765076,843.5398960037181,841.415,3.9522583
60.59252071380615,837.5046263243745,839.83887,3.9984345
60.63264441490173,837.5046263243745,838.6584,4.0273933
60.823248863220215,834.2861035663967,836.89056,4.042086
60.86137580871582,830.889245050561,834.5851,4.0566173
61.27468824386597,830.154257471818,832.62335,4.074845
61.32484173774719,829.5637355126554,831.0179,4.09449
61.54352402687073,829.5979207652797,829.8987,4.112809
61.565600872039795,829.652638050015,829.1841,4.133544
61.63608384132385,829.6482006795437,828.76886,4.1620283
61.67620301246643,829.6649371917837,828.5814,4.1821675
61.924999952316284,829.624311031277,828.5375,4.1886845
61.95509719848633,828.886630088858,828.3827,4.1921034
62.00525188446045,828.2058071308,828.1281,4.1921077
62.06760358810425,827.1738113937747,827.6751,4.195014
62.32641315460205,825.8554294181104,826.96796,4.1979814
62.35855436325073,815.8428601412692,823.5372,4.1978273
62.39873194694519,814.0696698744488,820.247,4.16418
62.759867429733276,811.3552675769726,816.89404,4.0682564
62.82004261016846,811.3552675769726,814.33716,4.0013027
62.960516691207886,811.3552675769726,812.486,3.9790797
63.01066327095032,809.5060825833101,810.6927,3.96669
63.040767192840576,809.5963468074806,809.4924,3.982267
63.07084107398987,809.5963468074806,808.74286,3.9889216
63.301491260528564,809.5853313669124,808.3343,3.9809463
63.35167217254639,808.464692623143,807.8516,3.798845
63.411869764328,807.9078144534939,807.4346,3.675678
63.44011473655701,807.3658252298941,807.0521,3.5462248
63.731027364730835,807.3658252298941,806.83563,3.2912352
63.75312566757202,802.564755132405,805.3524,3.089678
63.82334923744202,801.8776360367451,803.99585,3.0251207
63.94169616699219,801.2394239675989,802.78656,2.9819865
64.19455051422119,797.5368873413582,800.8292,2.9606466
64.22465801239014,797.5368873413582,799.332,2.9920218
64.28486013412476,797.5368873413582,798.24414,3.0396826
64.31499886512756,797.5368873413582,797.50116,3.0938895
64.49355888366699,797.5368873413582,797.035,3.1283417
64.58586025238037,788.6595530405169,794.21295,3.1955013
64.61593914031982,788.5282879439213,791.95215,3.2472684
64.9268627166748,788.4268599160287,790.22345,3.2497532
64.98707675933838,787.3387036289733,788.6746,3.2674186
65.03723621368408,784.9509650134769,786.9001,3.3614986
65.07735562324524,784.9509650134769,785.62494,3.4642434
65.29800486564636,783.4688099107178,784.33765,3.5392952
65.3581953048706,778.1649434242299,781.9219,3.6072805
65.38829731941223,778.1649434242299,780.09827,3.6961348
65.41837668418884,778.1649434242299,778.7934,3.7781267
65.61697340011597,778.1649434242299,777.9197,3.820969
65.65227603912354,778.1649434242299,777.3876,3.8989105
65.6974093914032,778.1649434242299,777.1134,3.9369998
65.73755502700806,778.1649434242299,777.02386,3.9059165
65.92809963226318,778.1649434242299,777.05804,3.824981
65.99032831192017,778.1649434242299,777.16754,3.7111626
66.0406403541565,778.1649434242299,777.3159,3.5847638
66.07073307037354,778.1649434242299,777.47705,3.4712536
66.3595666885376,778.1649434242299,777.6334,3.3917089
66.3917191028595,778.1649434242299,777.7744,3.3437178
66.46195960044861,778.1649434242299,777.8944,3.294176
66.48200845718384,778.1649434242299,777.99164,3.2753606
66.69265961647034,778.1649434242299,778.06683,3.2575471
66.7207384109497,778.1649434242299,778.1221,3.239862
66.76090145111084,778.1649434242299,778.16034,3.2178872
66.82308912277222,778.1649434242299,778.1849,3.1987946
67.03172016143799,778.1649434242299,778.1988,3.1496046
67.14405465126038,753.4860687603209,771.06696,3.08365
67.16411662101746,753.4860687603209,765.16766,3.0202668
67.43498611450195,753.4245582576642,760.4974,2.9991431
67.4751296043396,751.6197497196531,756.465,3.023766
67.7339220046997,750.6226254686433,753.2459,3.300955
67.79615497589111,744.5869618474078,749.2595,3.5139017
67.8362889289856,744.5869618474078,746.3716,3.732665
67.89652609825134,744.5869618474078,744.4066,3.8917313
68.12738871574402,744.5869618474078,743.1804,3.9368296
68.23773980140686,739.2108213402443,740.96313,4.0271144
68.49854326248169,738.7802290126409,739.29956,4.0323114
68.51861572265625,737.2715832563948,737.7717,4.0220847
68.58686852455139,736.6231535685012,736.5799,3.9931989
68.61896753311157,735.7658092369244,735.58295,3.979559
68.88987636566162,734.6371715596432,734.6416,3.9167237
68.9500584602356,725.5288348887003,731.4126,3.8699877
68.99019455909729,723.913859835622,728.4395,3.8456683
69.03031468391418,723.913859835622,726.20294,3.8668609
69.25899815559387,723.8125209942793,724.5798,3.8956978
69.30113244056702,723.4327948478095,723.3843,3.9848998
69.35130214691162,723.4058295158824,722.62555,4.07867
69.41148114204407,723.445105190518,722.22,4.155953
69.6422073841095,723.3546370194625,722.03503,4.1921906
69.75257110595703,721.1994547872077,721.39984,4.2233315
69.96318554878235,713.8939298829958,718.8699,4.23477
70.04361200332642,713.8939298829958,716.8773,4.2438874
70.07161116600037,713.8939298829958,715.3823,4.2547855
70.49283027648926,713.8939298829958,714.32025,4.273835
70.61526441574097,704.1005140075615,710.7834,4.290606
70.9141354560852,704.2874089710483,708.07355,4.3027916
71.02447319030762,704.2670217092179,706.056,4.318692
71.31559324264526,704.2792540663161,704.64374,4.326453
71.37780594825745,704.2631594046763,703.71857,4.3213615
71.42594790458679,704.2892677381788,703.1853,4.267586
71.44801425933838,704.2911265053092,702.9369,4.0298095
71.80910849571228,704.266235088337,702.8805,3.8280485
71.83923530578613,704.2952039576751,702.9634,3.5855074
71.89943218231201,704.2952039576751,703.1215,3.3178408
71.93955278396606,704.3121556177398,703.31946,3.150921
72.16034293174744,704.2882659694731,703.5164,2.9451675
72.20849919319153,704.3329695823459,703.715,2.8520753
72.6519021987915,704.3190936059418,703.8855,2.7519586
72.70185589790344,704.3042158608323,704.02325,2.6782455
72.7420129776001,704.337047034712,704.1421,2.6191533
72.780104637146,704.337047034712,704.23254,2.571579
72.8021833896637,704.3262467419684,704.29486,2.5272655
73.21136522293091,704.3162330701059,704.3338,2.478731
73.2434651851654,704.320310522472,704.35815,2.3900328
73.3437807559967,704.320310522472,704.37054,2.3157177
73.57446265220642,704.3321829614649,704.3778,2.1384108
73.6146035194397,704.3709503548412,704.39,1.9355646
73.70489716529846,704.3768865743377,704.3979,1.7422315
73.93179655075073,704.3501363902351,704.39343,1.633628
74.0061399936676,704.3640123666391,704.3912,1.5290405
74.04642295837402,704.3450571691635,704.38214,1.4802184
74.06647539138794,704.3450571691635,704.3735,1.4393811
74.40752100944519,704.336260413831,704.36316,1.391964
74.43761348724365,704.329322425629,704.35254,1.3124734
74.69854164123535,704.329322425629,704.344,1.2331256
74.75892162322998,704.3601500620978,704.3464,1.1645293
74.97964715957642,704.3532120738957,704.3469,1.0806016
75.04974365234375,704.3532120738957,704.3478,0.9862936
75.08985996246338,704.3560726097317,704.3496,0.8598035
75.11994409561157,704.3560726097317,704.35126,0.6910056
75.40075731277466,704.3542138426012,704.3521,0.50407934
75.45093035697937,704.3601500620978,704.35455,0.39114204
75.49103903770447,704.3403378661972,704.3508,0.2919798
75.52116250991821,704.3403378661972,704.34766,0.21066704
75.6679744720459,704.3601500620978,704.35077,0.14646256
75.6921010017395,704.3601500620978,704.35345,0.1303525
75.75059676170349,704.3601500620978,704.3557,0.12804843
75.79271697998047,704.3652292831694,704.35895,0.12605335
76.03364157676697,704.3652292831694,704.3615,0.120022856
76.07174825668335,704.3979156867686,704.37286,0.11087705
76.10384321212769,704.3840397103643,704.378,0.09057021
76.14194107055664,704.3701637339602,704.3777,0.06766408
76.44483852386475,704.3701637339602,704.37695,0.055667683
76.49492478370667,704.3682937658903,704.37537,0.044878583
76.6634292602539,704.3682937658903,704.3738,0.03465023
76.78585839271545,704.9705545947049,704.5466,0.029749937
76.82598042488098,704.936020624915,704.6794,0.02813541
76.85404443740845,704.8142165361317,704.74835,0.053563666
77.0766921043396,704.7067967050116,704.76605,0.0909546
77.12086057662964,704.3818658288874,704.6785,0.15568234
77.17503356933594,704.2841665361952,704.5715,0.2428385
77.20512008666992,704.2187937289971,704.46216,0.39125693
77.53820753097534,704.1286742751074,704.3478,0.49567506
77.5698709487915,703.8869136637311,704.1882,0.60146725
77.61653065681458,703.8463542878949,704.05176,0.74441904
77.63660025596619,703.8532922760969,703.95135,0.8657822
77.66870188713074,703.8532922760969,703.8801,0.95440096
77.87934589385986,703.8212477230982,703.8238,1.0292116
77.93959450721741,703.764029820632,703.7715,1.0642142
78.16039538383484,703.741423873566,703.7313,1.0749196
78.18848514556885,703.8840643288349,703.74805,1.0790356
78.26073479652405,703.8981666540033,703.77344,1.0812486
78.2888035774231,703.9150515293975,703.80426,1.0811619
78.53954100608826,703.9150515293975,703.8325,1.0809809
78.62180519104004,703.8564127635163,703.83997,1.0813628
78.65193939208984,703.811853920924,703.83307,1.0821587
78.69030356407166,703.8037658008625,703.8247,1.0833074
78.89078092575073,703.8033390980868,703.8177,1.0844234
78.93291783332825,703.7395431255238,703.79364,1.0869936
79.00315260887146,703.7509184841972,703.77747,1.0897058
79.14156031608582,703.7515603347974,703.7653,1.0929049
79.26394152641296,703.7068567219249,703.74365,1.0945816
79.38231325149536,703.7106522417957,703.7281,1.0960026
79.625084400177,703.562457887015,703.674,1.0970362
79.6854338645935,703.3928745016983,703.58203,1.0982072
79.71553707122803,703.357045629768,703.49854,1.1000149
79.76569676399231,703.2913129044646,703.4156,1.1049657
79.96427583694458,703.245177227237,703.33997,1.1095257
80.00446844100952,703.1738682005423,703.2641,1.1157421
80.04471945762634,703.1607120603487,703.2052,1.1192002
80.06681418418884,703.1607120603487,703.1645,1.1212066
80.09689331054688,703.1425434837538,703.13324,1.0967058
80.34766626358032,703.0869692005936,703.09814,1.0719465
80.45605969429016,702.9650203415295,703.03986,1.0306182
80.68676590919495,702.968600713576,702.99817,0.94683516
80.80224418640137,702.822120355645,702.9271,0.84732723
80.83935928344727,702.782855881949,702.86255,0.7568129
80.86742782592773,702.782855881949,702.8155,0.6625157
81.17037677764893,702.7691246758257,702.77924,0.6108802
81.23095870018005,702.6177098671035,702.71173,0.5984717
81.26906299591064,702.5809460111384,702.651,0.5979913
81.31121349334717,702.521294275612,702.58984,0.6058985
81.50181937217712,702.5282322638141,702.5478,0.6155462
81.53189969062805,702.4022059523838,702.4833,0.62635434
81.64229941368103,702.4022059523838,702.4361,0.64359194
81.8932614326477,702.2894137667577,702.371,0.65112996
81.93138718605042,702.0479350878766,702.25354,0.6574847
81.95368432998657,702.027187907941,702.15704,0.6723702
81.98377394676208,702.112317327309,702.1105,0.6842302
82.01385402679443,702.112317327309,702.0812,0.6968863
82.21460723876953,702.129202202703,702.07007,0.70201963
82.2648274898529,701.9986013585872,702.02997,0.71376604
82.35508990287781,701.9360111016147,701.9841,0.7220881
82.70616793632507,701.892172095233,701.9386,0.7240923
82.75439596176147,701.5542334420695,701.8085,0.7298575
82.94698166847229,701.5309188597325,701.69934,0.7345975
82.98710989952087,701.4831507641388,701.6033,0.73871493
83.03764963150024,701.4831507641388,701.5331,0.7486598
83.0878074169159,701.4841525328443,701.48505,0.7607578
83.29840016365051,701.4841525328443,701.4547,0.772571
83.40873885154724,701.4128435061498,701.41724,0.7744194
83.7296051979065,701.2899708639902,701.3577,0.7696489
83.7775948047638,700.8009437173907,701.1733,0.7665798
83.80970239639282,700.7334969952374,701.00775,0.7699684
83.83978152275085,700.801099688611,700.901,0.7822587
83.88993048667908,700.801099688611,700.8257,0.7982253
83.92002987861633,700.7759263391438,700.7689,0.81309515
84.02047801017761,700.7297126763062,700.7203,0.82437044
84.33563828468323,700.7492429397116,700.696,0.82935995
84.37178015708923,700.713762784947,700.6746,0.82925606
84.40186500549316,700.7219176896792,700.66656,0.82789487
84.44197988510132,700.6719197079103,700.6514,0.82109904
84.61247706413269,700.6719197079103,700.64355,0.8145257
84.65342354774475,700.2755570157224,700.5262,0.80738246
84.70122981071472,699.9909959413949,700.3498,0.7950503
84.73336791992188,700.1707265679154,700.26196,0.7905227
84.89180827140808,700.1707265679154,700.1992,0.7893879
84.97406220436096,701.4761303555181,700.535,0.8034067
85.0141932964325,701.8832373357509,700.93945,0.8834611
85.25289511680603,702.6756243619654,701.49896,1.0497136
85.3552086353302,704.1483964425227,702.37164,1.2666667
85.39535188674927,704.2428864822132,703.09106,1.7566684
85.41541576385498,704.2428864822132,703.6368,2.358811
85.46556663513184,704.453737878637,704.09045,3.0089579
85.61606216430664,704.8128540073856,704.5096,3.4677982
85.65625715255737,705.6648483863353,705.04474,3.8728075
85.76462531089783,705.8307142373912,705.4798,4.3568416
86.02757525444031,706.5727769665505,705.99695,4.5375733
86.06769680976868,706.6919916720212,706.4037,4.691109
86.0978090763092,706.7020609276144,706.6863,4.88899
86.13785171508789,706.6967665587183,706.86444,5.0280037
86.16794943809509,706.6967665587183,706.96356,5.128157
86.57711029052734,706.7012151301294,707.0062,5.1473427
86.61924529075623,706.7027139791544,707.00934,5.1578565
86.65939021110535,706.7351852349291,706.99634,5.1544003
86.71759724617004,706.7099338998516,706.9601,5.1451573
86.93830966949463,706.7172318061589,706.91943,5.1339974
86.97041583061218,706.7263884795966,706.8803,5.1241994
87.02075219154358,706.6886228549258,706.8325,5.1187286
87.05082988739014,706.6784644127827,706.78796,5.11637
87.09093308448792,706.7014970626244,706.75775,5.1151037
87.35976505279541,706.7194504913946,706.73944,5.115866
87.46209979057312,706.7153730390285,706.7251,5.1178436
87.5022361278534,706.700495293919,706.711,5.1199617
87.6849262714386,706.7102938179569,706.7041,5.1213994
87.73313474655151,706.7084350508264,706.69965,5.1227636
87.7712664604187,706.721309258525,706.7013,5.12333
87.80337595939636,706.7223110272305,706.7042,5.121793
88.14248538017273,706.7153730390285,706.7055,5.1126895
88.17458629608154,706.7055745149905,706.7042,5.089741
88.2247941493988,706.7402644560007,706.71356,5.053115
88.26491832733154,706.7431249918366,706.7224,4.926791
88.2850251197815,706.7323246990932,706.72656,4.696424
88.48562169075012,706.7323246990932,706.7296,4.3392262
88.54580926895142,706.7125125031926,706.726,4.0028176
88.59376502037048,706.714371270323,706.7232,3.6256442
88.63588738441467,706.714371270323,706.7207,3.0291233
88.93480825424194,706.7115107344869,706.7178,2.7372594
88.98698782920837,706.6945590744224,706.7106,2.4373217
89.0250985622406,706.7174469539834,706.71136,1.9587975
89.0551815032959,706.6986365267885,706.7069,1.4879863
89.32797837257385,706.6886228549258,706.70056,0.97505677
89.38816857337952,706.7184487226889,706.7042,0.75249916
89.43832874298096,706.7323246990932,706.7117,0.52109164
89.62690567970276,706.7194504913946,706.7143,0.3592529
89.74933433532715,706.7194504913946,706.7164,0.27328452
89.78944540023804,706.7382609185895,706.7233,0.23895444
89.98805594444275,706.7382609185895,706.72894,0.23361738
90.14069056510925,706.6986365267885,706.72174,0.22901614
90.2889518737793,706.7263884795966,706.7234,0.21654457
90.4213342666626,706.7194504913946,706.72266,0.19758482
90.45144271850586,706.6945590744224,706.7148,0.16514495
90.6098895072937,706.700495293919,706.7099,0.13494308
90.76241421699524,706.7323246990932,706.7153,0.10580307
90.8206114768982,706.7203074898193,706.71655,0.086426474
90.8527181148529,706.7253867108909,706.7191,0.0626627
91.26394939422607,706.7243849421855,706.72095,0.043333195
91.32433819770813,706.7451989067915,706.7284,0.027623855
91.36245965957642,706.7115107344869,706.7247,0.021742815
91.63328838348389,706.7084350508264,706.7204,0.018586285
91.70554161071777,706.7323246990932,706.7237,0.016329125
91.73568344116211,706.7253867108909,706.7244,0.015425616
91.90416932106018,706.7253867108909,706.725,0.015192318
92.0647964477539,706.7364021514591,706.7285,0.015028771
92.09489941596985,706.7194504913946,706.7265,0.014822324
92.14707493782043,706.7323246990932,706.7284,0.01512299
92.27552580833435,706.7323246990932,706.72986,0.015499616
92.40792202949524,706.7125125031926,706.7253,0.015298377
92.4580888748169,706.6876210862204,706.7142,0.015053104
92.72918939590454,706.7045727462848,706.70996,0.014524195
92.75932335853577,706.7392626872952,706.71686,0.014020841
92.85963344573975,706.7364021514591,706.7222,0.013810655
93.05021262168884,706.7125125031926,706.7198,0.013616319
93.10046911239624,706.7115107344869,706.7174,0.013505015
93.18071007728577,706.729464163257,706.72064,0.01342399
93.44169282913208,706.7323246990932,706.7242,0.013416068
93.49184012413025,706.7115107344869,706.72107,0.0133904
93.68051290512085,706.7115107344869,706.7183,0.01330532
93.92332553863525,706.7364021514591,706.7232,0.013254231
93.97147250175476,706.7115107344869,706.72015,0.013237356
94.03383159637451,706.7055745149905,706.7158,0.013276403
94.1421627998352,706.7125125031926,706.7143,0.013394815
94.36479067802429,706.7263884795966,706.7172,0.01345018
94.68381237983704,706.7055745149905,706.7138,0.013475412
94.7359848022461,706.7462006754972,706.7227,0.013290682
94.83633613586426,706.7462006754972,706.7302,0.013021016
95.14729428291321,706.7451989067915,706.7359,0.012873121
95.20728611946106,706.7492763591576,706.7414,0.012753091
95.24538326263428,706.7433401396613,706.7438,0.012657994
95.2674765586853,706.7433401396613,706.7453,0.01258326
95.62054181098938,706.7125125031926,706.7372,0.012553529
95.65665555000305,706.7253867108909,706.7338,0.012588889
95.69879627227783,706.7364021514591,706.7342,0.012643185
95.93961453437805,706.7433401396613,706.73663,0.012611395
96.01991963386536,706.6976347580828,706.72546,0.01232785
96.03997015953064,706.708650198651,706.7194,0.011170509
96.19844555854797,706.708650198651,706.7147,0.009586168
96.31878900527954,706.7451097202418,706.7218,0.008760224
96.4311933517456,706.7162300374532,706.7198,0.008773077
96.64177680015564,706.7902436287636,706.7396,0.010622703
96.69192099571228,706.2285313958132,706.59375,0.025316786
96.77037811279297,705.8799372201865,706.37177,0.07583403
96.92781567573547,705.7025588482429,706.1413,0.17510666
96.96970343589783,704.9696527925212,705.74896,0.34266314
96.99862694740295,704.7780385260683,705.3839,0.5750619
97.05746960639954,704.683481701707,705.07794,0.82160556
97.24995470046997,704.5716912847863,704.8211,1.0929962
97.27787971496582,704.280878876616,704.55505,1.4084618
97.31976842880249,704.283739412452,704.36615,1.8109224
97.56020164489746,704.0359090122383,704.16864,1.9867717
97.59403538703918,703.8225422042708,703.9717,2.1228175
97.65187978744507,703.7084551165042,703.8025,2.2521763
97.77654719352722,703.7596032301328,703.703,2.3328726
97.89822196960449,703.7465138746097,703.64087,2.364206
97.9281415939331,703.7465138746097,703.61005,2.3825526
97.97900581359863,703.7367153505718,703.59863,2.3957133
98.05280828475952,703.7606717835088,703.6093,2.3985708
98.09369921684265,703.7436533387738,703.62317,2.398059
98.16251587867737,703.7436533387738,703.6415,2.396988
98.36397671699524,703.7279853799098,703.6566,2.3968692
98.49462819099426,703.7332797488059,703.6734,2.3976758
98.56045174598694,703.7241230753682,703.6861,2.3991003
98.8436951637268,703.6955141241349,703.68884,2.4005983
98.87959861755371,703.7222643082378,703.69885,2.402055
98.97434496879578,703.7361402846418,703.71106,2.40338
99.16084694862366,703.7430782728438,703.7228,2.4043038
99.1957540512085,703.7222643082378,703.72577,2.404981
99.25060677528381,703.7222643082378,703.72736,2.4054337
99.27354550361633,703.7430782728438,703.734,2.4057274
99.55379605293274,703.7163280887412,703.73114,2.4058766
99.59568500518799,703.7222643082378,703.72986,2.406348
99.82008481025696,703.7292022964398,703.73047,2.4069078
99.89089560508728,703.7361402846418,703.7328,2.4050996
99.94076204299927,703.7490144923404,703.7382,2.392988
100.21502923965454,703.7302040651452,703.7371,2.356697
100.2459466457367,703.7093901005392,703.72986,2.2922895
100.27885794639587,703.7093901005392,703.72363,2.1861186
100.65397763252258,703.7222643082378,703.7223,2.0067697
100.72435140609741,703.6955141241349,703.7137,1.6583441
100.77453112602234,703.7292022964398,703.71655,1.4403954
100.80460596084595,703.7430782728438,703.7234,1.2216065
101.03527426719666,703.7500162610459,703.73126,0.94137686
101.07541036605835,703.7222643082378,703.72974,0.6856052
101.10549974441528,703.7024521123369,703.7225,0.5340063
101.14562511444092,703.7153263200357,703.72,0.4036762
101.46462774276733,703.706529564703,703.7155,0.25487092
101.48695063591003,703.7292022964398,703.7185,0.16588339
101.51704931259155,703.7292022964398,703.72125,0.12365235
101.56717014312744,703.7292022964398,703.72363,0.106427446
101.7376983165741,703.7163280887412,703.72186,0.104702264
101.81821584701538,703.7163280887412,703.7203,0.09993894
101.84838652610779,703.7292022964398,703.7227,0.08951015
101.86844372749329,703.7292022964398,703.72473,0.07737398
102.0671455860138,703.7351385159363,703.7281,0.06351885
102.16938734054565,703.7153263200357,703.72504,0.04877077
102.37000441551208,703.7232660769432,703.7246,0.03855297
102.42017579078674,703.7232660769432,703.72424,0.029935598
102.46028709411621,703.7292022964398,703.7257,0.023353115
102.49036812782288,703.7292022964398,703.72687,0.018285954
102.77172899246216,703.7292022964398,703.7278,0.014398532
102.84145712852478,703.7153263200357,703.7245,0.012623284
102.87153196334839,703.7181868558716,703.7225,0.011721229
103.24244737625122,703.7292022964398,703.72406,0.011377569
103.3006203174591,703.7083883318335,703.7194,0.011233726
103.34279894828796,703.7420765041384,703.7254,0.011243637
103.37287378311157,703.7420765041384,703.73047,0.01131523
103.68179893493652,703.7292022964398,703.7309,0.011210373
103.72397351264954,703.7153263200357,703.727,0.011110227
103.94263052940369,703.7292022964398,703.7276,0.010846041
104.07521176338196,703.7153263200357,703.7241,0.010606042
104.17553281784058,703.7212625395323,703.7229,0.010350881
104.5265839099884,703.7005933452067,703.71606,0.010271952
104.58489727973938,703.6826399164365,703.7053,0.0102289
104.64506077766418,703.659110186275,703.68994,0.010125896
104.85773801803589,703.659110186275,703.6778,0.010176364
104.98813509941101,703.3975817617895,703.593,0.01222049
105.3371856212616,703.1654973060502,703.45685,0.022200545
105.38735270500183,703.195705493798,703.35645,0.042861924
105.41944336891174,703.2352631009287,703.29175,0.083736435
105.45955681800842,703.233608280683,703.2459,0.13387387
105.71850752830505,703.2308257304574,703.2152,0.19540948
105.7807207107544,703.3941017772327,703.24426,0.24688973
105.80078673362732,703.4961716557257,703.3041,0.28701413
105.83088231086731,703.4257976130659,703.3367,0.3236463
106.02977681159973,703.4257976130659,703.3644,0.34909904
106.16215109825134,702.997806290683,703.26294,0.3663301
106.35073518753052,702.9960846857668,703.17737,0.3797687
106.49319267272949,702.7070050834523,703.0253,0.39370775
106.52126669883728,702.7170075543752,702.9069,0.41755444
106.58146262168884,702.5536423210499,702.76984,0.48003805
106.61356806755066,702.5153352332684,702.655,0.5654531
106.77407026290894,702.4217801776128,702.5444,0.63750803
106.8121931552887,702.5188376197048,702.49286,0.7082138
106.8643889427185,702.4685353035611,702.4478,0.7642097
107.01483845710754,702.1263932367569,702.3221,0.8419068
107.11516571044922,701.9192481736541,702.16724,0.90423924
107.143239736557,701.8040333559072,702.0165,0.9738101
107.16531562805176,701.8040333559072,701.9044,1.0374188
107.39606666564941,701.8314253906101,701.8336,1.0737447
107.4943630695343,701.8521057858754,701.79474,1.1030095
107.71745038032532,701.85052895124,701.7743,1.1175879
107.75761318206787,701.8703411471406,701.7732,1.1257521
107.81783246994019,701.8452345823439,701.77295,1.1294286
107.83790445327759,701.8430158971082,701.7779,1.1302811
108.01654863357544,701.8430158971082,701.7862,1.1301652
108.11900472640991,701.84931203471,701.7977,1.1301278
108.17919325828552,701.8372948254362,701.80566,1.130666
108.21930861473083,701.8470933494743,701.81604,1.1317611
108.56037282943726,701.8609693258784,701.82904,1.1322572
108.60862255096436,701.8609693258784,701.8398,1.1314207
108.6308536529541,701.8609693258784,701.84827,1.127256
108.64895725250244,701.8609693258784,701.8546,1.1218073
108.69913792610168,701.8609693258784,701.85913,1.1163391
108.88161778450012,701.8609693258784,701.8621,1.1100113
108.92198276519775,701.8609693258784,701.8639,1.1051865
109.03237748146057,701.8609693258784,701.8648,1.101788
109.28312015533447,701.7868701408916,701.8436,1.0989478
109.33125901222229,701.7868701408916,701.82574,1.0956725
109.3733983039856,701.8274963013982,701.8231,1.0887592
109.54192471504211,701.8391535925666,701.8252,1.0655668
109.83480548858643,701.8333621433508,701.8259,1.0256759
109.88496947288513,701.8630432408333,701.8356,0.9844272
110.1860842704773,701.8421588986832,701.8378,0.93581265
110.25629687309265,701.8342191417757,701.8373,0.8904696
110.29439449310303,701.8480951181798,701.8407,0.8154764
110.42478013038635,701.8480951181798,701.84344,0.74190164
110.65745139122009,701.8391535925666,701.843,0.6404178
110.71565961837769,701.8681224619049,701.85077,0.518679
110.92632746696472,701.8332173730703,701.8469,0.42339024
111.01862859725952,701.8581087900423,701.8506,0.3184441
111.07881903648376,701.8630432408333,701.855,0.23918918
111.20720195770264,701.8401553612723,701.85175,0.17003624
111.3879656791687,701.8511708018402,701.852,0.11369086
111.45118308067322,701.8662636947745,701.85645,0.07790403
111.49029397964478,701.8403705090968,701.85254,0.058226272
111.79120755195618,701.8403705090968,701.8491,0.055163164
111.81126952171326,701.8391535925666,701.8459,0.0548531
111.84136080741882,701.6511156829672,701.78894,0.052859474
111.87144470214844,701.6511156829672,701.74207,0.05098146
111.89151549339294,701.6511156829672,701.70526,0.046756614
111.91157650947571,701.6511156829672,701.6777,0.043459535
112.20262813568115,701.6631328922408,701.6616,0.041787706
112.24275183677673,701.8483102660043,701.70514,0.04165168
112.27283573150635,701.8483102660043,701.744,0.041341033
112.31294751167297,701.8325755224698,701.77234,0.041349035
112.54363942146301,701.8303568372341,701.7944,0.040216252
112.57373976707458,701.8495271825345,701.81665,0.040711176
112.672039270401,701.8511708018402,701.8338,0.04254502
112.94496846199036,701.8558901048066,701.84735,0.044020288
112.97507667541504,701.8430158971082,701.8529,0.045538783
113.05531215667725,701.8215600819017,701.84937,0.04737074
113.093430519104,701.8454497301684,701.85187,0.048606124
113.25595736503601,701.8454497301684,701.85297,0.049186718
113.29408240318298,701.8174826295356,701.845,0.04942791
113.3241822719574,701.8174826295356,701.8377,0.04950041
113.35626745223999,701.8474532675796,701.8402,0.049507085
113.70731163024902,701.8542464855009,701.8443,0.049530715
113.74744868278503,701.8599675571727,701.84937,0.049638856
113.7775399684906,701.8599675571727,701.8534,0.04969765
113.80763912200928,701.8540313376764,701.85474,0.049706288
114.00127935409546,701.8392983628473,701.85126,0.049716067
114.06662464141846,701.8411571299778,701.84863,0.04975315
114.0887336730957,701.8511708018402,701.8493,0.049823087
114.11890411376953,701.8511708018402,701.84985,0.049878284
114.41977667808533,701.8385117419664,701.8466,0.049888015
114.47013235092163,701.84931203471,701.8471,0.049909856
114.49820280075073,701.8483102660043,701.8473,0.04988346
114.52027106285095,701.8483102660043,701.8475,0.049773365
114.7309353351593,701.8272811535737,701.84155,0.049317967
114.8593738079071,701.8401553612723,701.84045,0.048243746
115.07199168205261,701.8382965941419,701.8392,0.046168018
115.13218665122986,701.8342191417757,701.8371,0.042555425
115.15224981307983,701.8460915807686,701.839,0.03846575
115.19236636161804,701.84931203471,701.8417,0.035435148
115.22244191169739,701.84931203471,701.844,0.032828785
115.43309593200684,701.84931203471,701.8459,0.032849528
115.49342370033264,701.8344342896003,701.843,0.03192672
115.52350950241089,701.8344342896003,701.8406,0.029283436
115.5535991191864,701.8244206177378,701.83563,0.026978556
115.78431987762451,701.8452345823439,701.83765,0.024123691
115.85456323623657,701.8423740465078,701.8387,0.020316381
115.89288067817688,701.8342191417757,701.8373,0.017314298
115.92499709129333,701.8342191417757,701.8361,0.015903179
116.1858777999878,701.8411571299778,701.8373,0.0152404085
116.30424332618713,701.8709829977408,701.8469,0.015077628
116.70748901367188,701.8483102660043,701.8484,0.015011313
116.75794720649719,701.826279384868,701.8429,0.014891479
117.00875663757324,701.8354360583057,701.8408,0.014482713
117.05690121650696,701.8362930567307,701.8393,0.014240082
117.28758716583252,701.8473084972989,701.84125,0.014169868
117.34979367256165,701.8284980701037,701.8376,0.014131598
117.3698525428772,701.8284980701037,701.83453,0.014014681
117.41998505592346,701.8454497301684,701.83704,0.013832521
117.63062572479248,701.8313586059398,701.8352,0.013622846
117.69080567359924,701.8364378270114,701.8352,0.013504729
117.72091555595398,701.8364378270114,701.8353,0.013187618
117.75903749465942,701.8372948254362,701.8357,0.012947793
117.97170567512512,701.8650467782445,701.8441,0.012829086
118.0120038986206,701.856250022912,701.8485,0.012954838
118.04208064079285,701.8540313376764,701.8513,0.012980097
118.08219480514526,701.8540313376764,701.8533,0.012938314
118.3309633731842,701.8442328136382,701.85175,0.012766859
118.40110230445862,701.8679073140804,701.857,0.012700374
118.43120312690735,701.8511708018402,701.8564,0.012680351
119.0349669456482,701.8483102660043,701.85474,0.012475341
119.26364016532898,701.8452345823439,701.8523,0.012103455
119.29576444625854,701.8603274752779,701.85455,0.011746425
119.36598205566406,701.8631880111141,701.85724,0.011224719
119.39606642723083,701.8640450095388,701.8597,0.01092381
119.65687680244446,701.8640450095388,701.8616,0.0108548915
119.70702624320984,701.8282829222792,701.8526,0.01042145
119.74719595909119,701.8571070213368,701.8534,0.00972854
119.78530430793762,701.8571070213368,701.8542,0.009071403
120.01607918739319,701.8483102660043,701.85236,0.0089336755
120.126473903656,701.872199914271,701.8578,0.008934799
120.31698966026306,701.8413722778023,701.85345,0.008952552
120.42935156822205,701.8760622188124,701.8598,0.008886111
120.57079148292542,701.8372948254362,701.8538,0.008857999
120.61999583244324,701.8413722778023,701.85,0.0089923395
120.65833497047424,701.8405152793775,701.8466,0.009286033
120.69845223426819,701.8096876429088,701.8351,0.009556572
120.92126727104187,701.8511708018402,701.83777,0.009725123
120.9614007472992,701.8225618506074,701.8323,0.009911149
121.00153136253357,701.8478055776184,701.8353,0.010036904
121.04166150093079,701.8350761402005,701.83453,0.010093515
121.39276123046875,701.8350761402005,701.8341,0.010243485
121.43447804450989,701.8018926562818,701.8243,0.010544563
121.6335620880127,701.8159134029665,701.8204,0.010780899
121.7339072227478,701.8445927317434,701.82587,0.010721601
121.77403163909912,701.8531743392514,701.8333,0.01056023
121.87432312965393,701.8767744469567,701.8464,0.0105590215
121.9071159362793,701.8264945326928,701.84247,0.010530323
121.94814920425415,701.8308615256201,701.84,0.010411809
122.0155200958252,701.8308615256201,701.83777,0.010311408
122.27639293670654,701.7757139452356,701.8198,0.010631645
122.3064820766449,701.7889480710394,701.80884,0.011487492
122.35666632652283,701.8252776161626,701.8108,0.012724133
122.41786527633667,701.8788483619117,701.8287,0.013653113
122.68771743774414,701.784228768073,701.8166,0.013953438
122.72584009170532,701.8880050353494,701.8364,0.014075884
122.75795769691467,701.8943011729511,701.85486,0.01412585
122.78804183006287,701.8150564045418,701.84674,0.014442295
123.0187554359436,701.8307911480763,701.8436,0.014729905
123.07895159721375,701.876347744181,701.8538,0.015663663
123.10702681541443,701.8612548512467,701.85767,0.01666785
123.14469766616821,701.7729981796804,701.83484,0.017390892
